<recipes>
	<!-- 커스텀 조합법은 제작자 외에 추가 금지입니다. -->
	<!-- 원하신다면 저 (제조일자)에게 문의 바랍니다. -->

	<!-- TNT -->
    <recipe>
        <item11>289</item11>
        <item12>12</item12>
        <item13>289</item13>
        <item21>12</item21>
        <item22>289</item22>
        <item23>12</item23>
        <item31>289</item31>
        <item32>12</item32>
        <item33>289</item33>
        <result>46</result>
    </recipe>
	<!-- 가공된 나무 -->
    <recipe>
        <item11>17</item11>
        <result count="4">5</result>
    </recipe>
	<!-- 책장 -->
    <recipe>
        <item11>5</item11>
        <item12>340</item12>
        <item13>5</item13>
        <item21>5</item21>
        <item22>340</item22>
        <item23>5</item23>
        <item31>5</item31>
        <item32>340</item32>
        <item33>5</item33>
        <result>35</result>
    </recipe>
	<!-- 양털 -->
    <recipe>
        <item11>287</item11>
        <item12>287</item12>
        <item21>287</item21>
        <item22>287</item22>
        <result>35</result>
    </recipe>
	<!-- 부드러운 사암 -->
    <recipe>
        <item11>24</item11>
        <item12>24</item12>
        <item21>24</item21>
        <item22>24</item22>
        <result damage="2" count="4">24</result>
    </recipe>
	<!-- 조각된 사암 -->
    <recipe>
        <item11>44</item11>
        <item12>44</item12>
        <result damage="1">24</result>
    </recipe>
	<!-- 벽돌 -->
    <recipe>
        <item11>336</item11>
        <item12>336</item12>
        <item21>336</item21>
        <item22>336</item22>
        <result>45</result>
    </recipe>
	<!-- 석영 블록 -->
    <recipe>
        <item11>406</item11>
        <item12>406</item12>
        <item21>406</item21>
        <item22>406</item22>
        <result>155</result>
    </recipe>
	<!-- 석영 블록 기둥 -->
    <recipe>
        <item11>155</item11>
        <item12>155</item12>
        <result damage="2" count="2">155</result>
    </recipe>
	<!-- 조각된 석영 블록 -->
    <recipe>
        <item11>44</item11>
        <item12>44</item12>
        <result damage="1">155</result>
    </recipe>
	<!-- 석재 벽돌 -->
    <recipe>
        <item11>1</item11>
        <item12>1</item12>
        <item21>1</item21>
        <item22>1</item22>
        <result count="4">98</result>
    </recipe>
	<!-- 네더 벽돌 -->
    <recipe>
        <item11>405</item11>
        <item12>405</item12>
        <item21>405</item21>
        <item22>405</item22>
        <result>112</result>
    </recipe>
	<!-- 트랩도어 -->
    <recipe>
        <item11>5</item11>
        <item12>5</item12>
		<item21>5</item21>
        <item22>5</item22>
		<item31>5</item31>
        <item32>5</item32>
        <result count="2">96</result>
    </recipe>
	<!-- 발광석 -->
    <recipe>
        <item11>348</item11>
        <item12>348</item12>
		<item21>348</item21>
        <item22>348</item22>
        <result>89</result>
    </recipe>
	<!-- 눈 -->
    <recipe>
        <item11>332</item11>
        <item12>332</item12>
		<item21>332</item21>
        <item22>332</item22>
        <result>80</result>
    </recipe>
	<!-- 점토 블럭 -->
    <recipe>
        <item11>337</item11>
        <item12>337</item12>
		<item21>337</item21>
        <item22>337</item22>
        <result>82</result>
    </recipe>
	<!-- 가위 -->
    <recipe>
        <item12>265</item12>
        <item21>265</item21>
        <result>359</result>
    </recipe>
	<!-- 그릇 -->
    <recipe>
        <item11>5</item11>
        <item22>5</item22>
        <item31>5</item31>
        <result>281</result>
    </recipe>
	<!-- 버섯 스튜 -->
    <recipe>
        <item11>40</item11>
		<item21>39</item21>
        <item22>281</item22>
        <result>282</result>
    </recipe>
	<!-- 설탕 -->
    <recipe>
        <item11>338</item11>
        <result>353</result>
    </recipe>
	<!-- 수박씨 -->
    <recipe>
        <item11>360</item11>
        <result>362</result>
    </recipe>
	<!-- 유리판 -->
    <recipe>
        <item11>20</item11>
        <item12>20</item12>
        <item21>20</item21>
        <item22>20</item22>
        <item31>20</item31>
        <item32>20</item32>
        <result count="16">102</result>
    </recipe>
	<!-- 울타리 문 -->
    <recipe>
        <item11>280</item11>
        <item12>280</item12>
        <item21>5</item21>
        <item22>5</item22>
        <item31>280</item31>
        <item32>280</item32>
        <result count="16">102</result>
    </recipe>
	<!-- 수박 -->
    <recipe>
        <item11>360</item11>
        <item12>360</item12>
        <item13>360</item13>
        <item21>360</item21>
        <item22>360</item22>
        <item23>360</item23>
        <item31>360</item31>
        <item32>360</item32>
        <item33>360</item33>
        <result>103</result>
    </recipe>
	<!-- 금 원석 -->
    <recipe>
        <item11>41</item11>
        <result count="9">266</result>
    </recipe>
	<!-- 철 원석 -->
    <recipe>
        <item11>42</item11>
        <result count="9">265</result>
    </recipe>
	<!-- 다이아몬드 원석 -->
    <recipe>
        <item11>57</item11>
        <result count="9">264</result>
    </recipe>
	<!-- 청동석 원석 -->
    <recipe>
        <item11>57</item11>
        <result damage="4" count="9">351</result>
    </recipe>
	<!-- 활 -->
    <recipe>
        <item11>280</item11>
        <item13>280</item13>
        <item22>280</item22>
		<item31>287</item31>
		<item32>287</item32>
		<item33>287</item33>
        <result>261</result>
    </recipe>
	<!-- 화살 -->
    <recipe>
        <item11>318</item11>
        <item12>280</item12>
        <item13>288</item13>
        <result count="4">262</result>
    </recipe>
	<!-- 막대기 -->
    <recipe>
        <item11>5</item11>
        <item12>5</item12>
        <result count="4">280</result>
    </recipe>
	<!-- 횟불 -->
    <recipe>
        <item11>263</item11>
        <item12>280</item12>
        <result count="4">50</result>
    </recipe>
	<!-- 샌드스톤 -->
    <recipe>
        <item11>12</item11>
        <item12>12</item12>
        <item21>12</item21>
        <item22>12</item22>
        <result>24</result>
    </recipe>
	<!-- 조합대 -->
    <recipe>
        <item11>5</item11>
        <item12>5</item12>
        <item21>5</item21>
        <item22>5</item22>
        <result>58</result>
    </recipe>
	<!-- 철 블럭 -->
    <recipe>
        <item11>265</item11>
        <item12>265</item12>
        <item13>265</item13>
        <item21>265</item21>
        <item22>265</item22>
        <item23>265</item23>
        <item31>265</item31>
        <item32>265</item32>
        <item33>265</item33>
        <result>42</result>
    </recipe>
	<!-- 금 블럭 -->
    <recipe>
        <item11>266</item11>
        <item12>266</item12>
        <item13>266</item13>
        <item21>266</item21>
        <item22>266</item22>
        <item23>266</item23>
        <item31>266</item31>
        <item32>266</item32>
        <item33>266</item33>
        <result>41</result>
    </recipe>
	<!-- 철 도구 -->
    <recipe>
        <item11>265</item11>
        <item21>265</item21>
        <item22>280</item22>
        <item23>280</item23>
        <item31>265</item31>
        <result>257</result>
    </recipe>
    <recipe>
        <item11>265</item11>
        <item12>280</item12>
        <item13>280</item13>
        <result>256</result>
    </recipe>
    <recipe>
        <item11>265</item11>
        <item12>265</item12>
        <item13>280</item13>
        <result>267</result>
    </recipe>
    <recipe>
        <item11>265</item11>
        <item21>265</item21>
        <item22>280</item22>
        <item23>280</item23>
        <result>292</result>
    </recipe>
    <recipe>
        <item11>265</item11>
        <item12>265</item12>
        <item21>265</item21>
        <item22>280</item22>
        <item23>280</item23>
        <result>258</result>
    </recipe>
	<!-- 나무 도구 -->
    <recipe>
        <item11>5</item11>
        <item21>5</item21>
        <item22>280</item22>
        <item23>280</item23>
        <item31>5</item31>
        <result>270</result>
    </recipe>
    <recipe>
        <item11>5</item11>
        <item12>280</item12>
        <item13>280</item13>
        <result>269</result>
    </recipe>
    <recipe>
        <item11>5</item11>
        <item12>5</item12>
        <item13>280</item13>
        <result>268</result>
    </recipe>
    <recipe>
        <item11>5</item11>
        <item21>5</item21>
        <item22>280</item22>
        <item23>280</item23>
        <result>290</result>
    </recipe>
    <recipe>
        <item11>5</item11>
        <item12>5</item12>
        <item21>5</item21>
        <item22>280</item22>
        <item23>280</item23>
        <result>271</result>
    </recipe>
	<!-- 돌 도구 -->
    <recipe>
        <item11>4</item11>
        <item21>4</item21>
        <item22>280</item22>
        <item23>280</item23>
        <item31>4</item31>
        <result>274</result>
    </recipe>
    <recipe>
        <item11>4</item11>
        <item12>280</item12>
        <item13>280</item13>
        <result>273</result>
    </recipe>
    <recipe>
        <item11>4</item11>
        <item12>4</item12>
        <item13>280</item13>
        <result>272</result>
    </recipe>
    <recipe>
        <item11>4</item11>
        <item21>4</item21>
        <item22>280</item22>
        <item23>280</item23>
        <result>291</result>
    </recipe>
    <recipe>
        <item11>4</item11>
        <item12>4</item12>
        <item21>4</item21>
        <item22>280</item22>
        <item23>280</item23>
        <result>275</result>
    </recipe>
	<!-- 금 도구 -->
    <recipe>
        <item11>266</item11>
        <item21>266</item21>
        <item22>280</item22>
        <item23>280</item23>
        <item31>266</item31>
        <result>285</result>
    </recipe>
    <recipe>
        <item11>266</item11>
        <item12>280</item12>
        <item13>280</item13>
        <result>284</result>
    </recipe>
    <recipe>
        <item11>266</item11>
        <item12>266</item12>
        <item13>280</item13>
        <result>283</result>
    </recipe>
    <recipe>
        <item11>266</item11>
        <item21>266</item21>
        <item22>280</item22>
        <item23>280</item23>
        <result>294</result>
    </recipe>
    <recipe>
        <item11>266</item11>
        <item12>266</item12>
        <item21>266</item21>
        <item22>280</item22>
        <item23>280</item23>
        <result>286</result>
    </recipe>
	<!-- 다이아몬드 도구 -->
    <recipe>
        <item11>264</item11>
        <item21>264</item21>
        <item22>280</item22>
        <item23>280</item23>
        <item31>264</item31>
        <result>278</result>
    </recipe>
    <recipe>
        <item11>264</item11>
        <item12>280</item12>
        <item13>280</item13>
        <result>277</result>
    </recipe>
    <recipe>
        <item11>264</item11>
        <item12>264</item12>
        <item13>280</item13>
        <result>276</result>
    </recipe>
	<recipe>
        <item11>264</item11>
        <item21>264</item21>
        <item22>280</item22>
        <item23>280</item23>
        <result>293</result>
    </recipe>
    <recipe>
        <item11>264</item11>
        <item12>264</item12>
        <item21>264</item21>
        <item22>280</item22>
        <item23>280</item23>
        <result>279</result>
    </recipe>
    <!-- 창고 -->
    <recipe>
        <item11>5</item11>
        <item12>5</item12>
        <item13>5</item13>
        <item21>5</item21>
        <item23>5</item23>
        <item31>5</item31>
        <item32>5</item32>
        <item33>5</item33>
        <result>54</result>
    </recipe>
	<!-- 문 -->
    <recipe>
        <item11>5</item11>
        <item12>5</item12>
        <item13>5</item13>
        <item21>5</item21>
        <item22>5</item22>
        <item23>5</item23>
        <result>324</result>
    </recipe>
	<!-- 사다리 -->
    <recipe>
        <item11>280</item11>
        <item12>280</item12>
        <item13>280</item13>
        <item22>280</item22>
        <item31>280</item31>
        <item32>280</item32>
        <item33>280</item33>
        <result count="3">65</result>
    </recipe>
	<!-- 양동이 -->
    <recipe>
        <item11>265</item11>
        <item22>265</item22>
        <item31>265</item31>
        <result>325</result>
    </recipe>
	<!-- 표지판 -->
    <recipe>
        <item11>5</item11>
        <item12>5</item12>
        <item21>5</item21>
        <item22>5</item22>
        <item23>280</item23>
        <item31>5</item31>
        <item32>5</item32>
        <result count="3">63</result>
    </recipe>
	<!-- 화로 -->
    <recipe>
        <item11>4</item11>
        <item12>4</item12>
        <item13>4</item13>
        <item21>4</item21>
        <item23>4</item23>
        <item31>4</item31>
        <item32>4</item32>
        <item33>4</item33>
        <result>61</result>
    </recipe>
	<!-- 계단 -->
    <recipe>
        <item13>5</item13>
        <item22>5</item22>
        <item23>5</item23>
        <item31>5</item31>
        <item32>5</item32>
        <item33>5</item33>
        <result count="4">53</result>
    </recipe>
    <recipe>
        <item13>4</item13>
        <item22>4</item22>
        <item23>4</item23>
        <item31>4</item31>
        <item32>4</item32>
        <item33>4</item33>
		<result count="4">67</result>
	</recipe>
    <recipe>
        <item13>45</item13>
        <item22>45</item22>
        <item23>45</item23>
        <item31>45</item31>
        <item32>45</item32>
        <item33>45</item33>
        <result count="4">108</result>
    </recipe>
	<recipe>
        <item13>98</item13>
        <item22>98</item22>
        <item23>98</item23>
        <item31>98</item31>
        <item32>98</item32>
        <item33>98</item33>
        <result count="4">109</result>
    </recipe>
	<recipe>
        <item13>112</item13>
        <item22>112</item22>
        <item23>112</item23>
        <item31>112</item31>
        <item32>112</item32>
        <item33>112</item33>
        <result count="4">114</result>
    </recipe>
	<recipe>
        <item13>155</item13>
        <item22>155</item22>
        <item23>155</item23>
        <item31>155</item31>
        <item32>155</item32>
        <item33>155</item33>
        <result count="4">156</result>
    </recipe>
	<recipe>
        <item13>24</item13>
        <item22>24</item22>
        <item23>24</item23>
        <item31>24</item31>
        <item32>24</item32>
        <item33>24</item33>
        <result count="4">128</result>
    </recipe>
	<!-- 갑옷 헬멧 -->
	<recipe>
        <item11>334</item11>
        <item12>334</item12>
        <item21>334</item21>
        <item31>334</item31>
        <item32>334</item32>
        <result >298</result>
    </recipe>
	<recipe>
        <item11>265</item11>
        <item12>265</item12>
        <item21>265</item21>
        <item31>265</item31>
        <item32>265</item32>
        <result>306</result>
    </recipe>
	<recipe>
        <item11>266</item11>
        <item12>266</item12>
        <item21>266</item21>
        <item31>266</item31>
        <item32>266</item32>
        <result>314</result>
    </recipe>
	<recipe>
        <item11>264</item11>
        <item12>264</item12>
        <item21>264</item21>
        <item31>264</item31>
        <item32>264</item32>
        <result>310</result>
    </recipe>
	<!-- 갑옷 가슴 -->
	<recipe>
        <item11>334</item11>
        <item12>334</item12>
        <item13>334</item13>
        <item22>334</item22>
        <item23>334</item23>
        <item31>334</item31>
        <item32>334</item32>
        <item33>334</item33>
        <result>299</result>
    </recipe>
	<recipe>
        <item11>265</item11>
        <item12>265</item12>
        <item13>265</item13>
        <item22>265</item22>
        <item23>265</item23>
        <item31>265</item31>
        <item32>265</item32>
        <item33>265</item33>
        <result>307</result>
    </recipe>
	<recipe>
        <item11>266</item11>
        <item12>266</item12>
        <item13>266</item13>
        <item22>266</item22>
        <item23>266</item23>
        <item31>266</item31>
        <item32>266</item32>
        <item33>266</item33>
        <result>315</result>
    </recipe>
	<recipe>
        <item11>264</item11>
        <item12>264</item12>
        <item13>264</item13>
        <item22>264</item22>
        <item23>264</item23>
        <item31>264</item31>
        <item32>264</item32>
        <item33>264</item33>
        <result>311</result>
    </recipe>
	<!-- 갑옷 다리 -->
	<recipe>
        <item11>334</item11>
        <item12>334</item12>
        <item13>334</item13>
		<item21>334</item21>
        <item31>334</item31>
        <item32>334</item32>
        <item33>334</item33>
        <result>300</result>
    </recipe>
	<recipe>
        <item11>265</item11>
        <item12>265</item12>
        <item13>265</item13>
		<item21>265</item21>
        <item31>265</item31>
        <item32>265</item32>
        <item33>265</item33>
        <result>308</result>
    </recipe>
	<recipe>
        <item11>266</item11>
        <item12>266</item12>
        <item13>266</item13>
		<item21>266</item21>
        <item31>266</item31>
        <item32>266</item32>
        <item33>266</item33>
        <result>316</result>
    </recipe>
	<recipe>
        <item11>264</item11>
        <item12>264</item12>
        <item13>264</item13>
		<item21>264</item21>
        <item31>264</item31>
        <item32>264</item32>
        <item33>264</item33>
        <result>312</result>
    </recipe>
	<!-- 갑옷 부츠 -->
	<recipe>
        <item11>334</item11>
        <item12>334</item12>
        <item31>334</item31>
        <item32>334</item32>
        <result>301</result>
    </recipe>
	<recipe>
        <item11>265</item11>
        <item12>265</item12>
        <item31>265</item31>
        <item32>265</item32>
        <result>309</result>
    </recipe>
	<recipe>
        <item11>266</item11>
        <item12>266</item12>
        <item31>266</item31>
        <item32>266</item32>
        <result>317</result>
    </recipe>
	<recipe>
        <item11>264</item11>
        <item12>264</item12>
        <item31>264</item31>
        <item32>264</item32>
        <result>313</result>
    </recipe>
	<!-- 울타리 -->
    <recipe>
        <item11>280</item11>
        <item12>280</item12>
        <item21>280</item21>
        <item22>280</item22>
        <item31>280</item31>
        <item32>280</item32>
        <result count="2">85</result>
    </recipe>
	<!-- 액자 -->
    <recipe>
        <item11>280</item11>
        <item12>280</item12>
        <item13>280</item13>
        <item21>280</item21>
        <item22>35</item22>
        <item23>280</item23>
        <item31>280</item31>
        <item32>280</item32>
        <item33>280</item33>
        <result>321</result>
    </recipe>
	<!-- 종이 -->
    <recipe>
        <item11>338</item11>
        <item21>338</item21>
        <item31>338</item31>
        <result>339</result>
    </recipe>
	<!-- 책 -->
    <recipe>
        <item11>339</item11>
        <item12>339</item12>
        <item21>339</item21>
        <item22>334</item22>
        <result>340</result>
    </recipe>
	<!-- 침대 -->
    <recipe>
        <item11>35</item11>
        <item12>5</item12>
        <item21>35</item21>
        <item22>5</item22>
		<item31>35</item31>
        <item32>5</item32>
        <result>355</result>
    </recipe>
	<!-- 뼛가루 -->
    <recipe>
        <item11>352</item11>
        <result damage="15" count="3">351</result>
    </recipe>
    <!-- 반블럭 -->
    <recipe>
        <item11>1</item11>
        <item21>1</item21>
        <item31>1</item31>
        <result count="6">44</result>
    </recipe>
    <recipe>
        <item11>24</item11>
        <item21>24</item21>
        <item31>24</item31>
        <result damage="1" count="6">44</result>
    </recipe>
    <recipe>
        <item11>5</item11>
        <item21>5</item21>
        <item31>5</item31>
        <result damage="2" count="6">44</result>
    </recipe>
    <recipe>
        <item11>4</item11>
        <item21>4</item21>
        <item31>4</item31>
        <result damage="3" count="6">44</result>
    </recipe>
	<recipe>
        <item11>45</item11>
        <item21>45</item21>
        <item31>45</item31>
        <result damage="4" count="6">44</result>
    </recipe>
    <recipe>
        <item11>98</item11>
        <item21>98</item21>
        <item31>98</item31>
        <result damage="5" count="6">44</result>
    </recipe>
    <recipe>
        <item11>155</item11>
        <item21>155</item21>
        <item31>155</item31>
        <result damage="7" count="6">44</result>
    </recipe>
	<!-- 스톤커터 -->
	<recipe>
        <item11>1</item11>
        <item12>1</item12>
        <item13>1</item13>
        <item21>1</item21>
        <item23>1</item23>
        <item31>1</item31>
        <item32>1</item32>
        <item33>1</item33>
        <result>245</result>
    </recipe>
	<!-- 네더 코어 -->
	<recipe>
        <item11>265</item11>
        <item12>264</item12>
        <item13>265</item13>
        <item21>265</item21>
        <item22>264</item22>
        <item23>265</item23>
        <item31>265</item31>
        <item32>264</item32>
        <item33>265</item33>
        <result>247</result>
    </recipe>
	<!-- 커스텀 조합법은 제작자 외에 추가 금지입니다. -->
	<!-- 원하신다면 저 (제조일자)에게 문의 바랍니다. -->
</recipes>
